序号,合约,手数,开仓日期,平仓日期,方向,开仓价,平仓价,平仓盈亏,持仓天数,结果,PDF页码,平仓月份
1,sp2401,1,2023/11/6,2023/11/6,空头,6188,6180,80,0,盈利,1,Nov-23
2,FG401,1,2023/11/7,2023/11/7,空头,1714,1713,20,0,盈利,1,Nov-23
3,MA401,1,2023/11/7,2023/11/7,空头,2480,2476,40,0,盈利,1,Nov-23
4,MA401,1,2023/11/7,2023/11/7,空头,2478,2477,10,0,盈利,1,Nov-23
5,MA401,1,2023/11/7,2023/11/7,空头,2486,2476,100,0,盈利,1,Nov-23
6,MA401,1,2023/11/7,2023/11/7,空头,2480,2477,30,0,盈利,1,Nov-23
7,MA405,1,2023/11/7,2023/11/7,多头,2462,2458,-40,0,亏损,1,Nov-23
8,eg2401,1,2023/11/7,2023/11/7,空头,4210,4211,-10,0,亏损,1,Nov-23
9,pp2401,1,2023/11/7,2023/11/7,空头,7715,7712,15,0,盈利,1,Nov-23
10,pp2401,1,2023/11/7,2023/11/7,空头,7728,7723,25,0,盈利,1,Nov-23
11,FG401,1,2023/11/8,2023/11/8,多头,1705,1701,-80,0,亏损,1,Nov-23
12,FG401,1,2023/11/8,2023/11/8,多头,1702,1702,0,0,持平,1,Nov-23
13,FG405,1,2023/11/8,2023/11/8,空头,1644,1642,40,0,盈利,1,Nov-23
14,FG405,1,2023/11/8,2023/11/8,空头,1647,1641,120,0,盈利,1,Nov-23
15,MA401,1,2023/11/8,2023/11/8,空头,2488,2484,40,0,盈利,1,Nov-23
16,MA401,1,2023/11/8,2023/11/8,空头,2496,2495,10,0,盈利,1,Nov-23
17,MA401,1,2023/11/8,2023/11/8,空头,2498,2505,-70,0,亏损,1,Nov-23
18,MA401,1,2023/11/8,2023/11/8,空头,2506,2503,30,0,盈利,1,Nov-23
19,MA401,1,2023/11/8,2023/11/8,空头,2484,2486,-20,0,亏损,1,Nov-23
20,MA401,2,2023/11/8,2023/11/8,空头,2504,2506,-40,0,亏损,1,Nov-23
21,MA401,1,2023/11/8,2023/11/8,空头,2501,2508,-70,0,亏损,1,Nov-23
22,MA401,1,2023/11/8,2023/11/8,空头,2506,2501,50,0,盈利,1,Nov-23
23,SA401,1,2023/11/8,2023/11/8,空头,1915,1914,20,0,盈利,1,Nov-23
24,SA401,1,2023/11/8,2023/11/8,空头,1909,1907,40,0,盈利,1,Nov-23
25,eb2312,1,2023/11/8,2023/11/8,空头,8438,8435,15,0,盈利,1,Nov-23
26,eb2312,1,2023/11/8,2023/11/8,空头,8443,8434,45,0,盈利,1,Nov-23
27,eb2312,1,2023/11/8,2023/11/8,空头,8436,8435,5,0,盈利,2,Nov-23
28,eb2312,1,2023/11/8,2023/11/8,空头,8444,8434,50,0,盈利,2,Nov-23
29,eg2401,1,2023/11/8,2023/11/8,空头,4189,4190,-10,0,亏损,2,Nov-23
30,eg2401,1,2023/11/8,2023/11/8,空头,4174,4175,-10,0,亏损,2,Nov-23
31,pp2401,1,2023/11/8,2023/11/8,空头,7690,7684,30,0,盈利,2,Nov-23
32,ss2312,1,2023/11/8,2023/11/8,空头,14480,14475,25,0,盈利,2,Nov-23
33,v2401,1,2023/11/8,2023/11/8,多头,6081,6084,15,0,盈利,2,Nov-23
34,CF401,1,2023/11/9,2023/11/9,空头,15835,15810,125,0,盈利,2,Nov-23
35,CF405,1,2023/11/9,2023/11/9,多头,15580,15565,-75,0,亏损,2,Nov-23
36,FG401,1,2023/11/9,2023/11/9,多头,1673,1680,140,0,盈利,2,Nov-23
37,FG405,1,2023/11/9,2023/11/9,空头,1617,1623,-120,0,亏损,2,Nov-23
38,MA401,1,2023/11/9,2023/11/9,空头,2514,2501,130,0,盈利,2,Nov-23
39,MA401,1,2023/11/9,2023/11/9,空头,2506,2498,80,0,盈利,2,Nov-23
40,MA405,1,2023/11/9,2023/11/9,多头,2492,2482,-100,0,亏损,2,Nov-23
41,bu2401,1,2023/11/9,2023/11/9,多头,3574,3568,-60,0,亏损,2,Nov-23
42,bu2401,1,2023/11/9,2023/11/9,多头,3584,3588,40,0,盈利,2,Nov-23
43,eb2312,1,2023/11/9,2023/11/9,多头,8406,8423,85,0,盈利,2,Nov-23
44,eb2312,1,2023/11/9,2023/11/9,空头,8411,8425,-70,0,亏损,2,Nov-23
45,lu2402,1,2023/11/9,2023/11/9,多头,4270,4269,-10,0,亏损,2,Nov-23
46,pg2404,1,2023/11/9,2023/11/9,多头,5065,5121,1120,0,盈利,2,Nov-23
47,pg2405,1,2023/11/9,2023/11/9,空头,4934,4992,-1160,0,亏损,2,Nov-23
48,sp2401,1,2023/11/9,2023/11/9,空头,6150,6148,20,0,盈利,2,Nov-23
49,PF401,1,2023/11/10,2023/11/10,多头,7362,7376,70,0,盈利,2,Nov-23
50,PF403,1,2023/11/10,2023/11/10,空头,7388,7398,-50,0,亏损,2,Nov-23
51,rb2401,1,2023/11/10,2023/11/10,空头,3874,3883,-90,0,亏损,2,Nov-23
52,rb2401,1,2023/11/10,2023/11/10,空头,3876,3864,120,0,盈利,2,Nov-23
53,rb2401,1,2023/11/10,2023/11/10,空头,3865,3877,-120,0,亏损,3,Nov-23
54,rb2401,1,2023/11/10,2023/11/10,空头,3868,3877,-90,0,亏损,3,Nov-23
55,rb2401,1,2023/11/10,2023/11/10,空头,3877,3871,60,0,盈利,3,Nov-23
56,rb2401,1,2023/11/10,2023/11/10,空头,3873,3875,-20,0,亏损,3,Nov-23
57,rb2401,1,2023/11/10,2023/11/10,空头,3862,3876,-140,0,亏损,3,Nov-23
58,rb2401,1,2023/11/10,2023/11/10,空头,3883,3882,10,0,盈利,3,Nov-23
59,rb2401,1,2023/11/10,2023/11/10,空头,3875,3883,-80,0,亏损,3,Nov-23
60,rb2401,1,2023/11/10,2023/11/10,空头,3868,3883,-150,0,亏损,3,Nov-23
61,UR401,1,2023/11/14,2023/11/14,多头,2353,2359,120,0,盈利,3,Nov-23
62,UR401,1,2023/11/14,2023/11/14,空头,2325,2329,-80,0,亏损,3,Nov-23
63,UR401,1,2023/11/14,2023/11/14,空头,2402,2398,80,0,盈利,3,Nov-23
64,UR401,1,2023/11/14,2023/11/14,空头,2426,2414,240,0,盈利,3,Nov-23
65,UR405,1,2023/11/14,2023/11/14,多头,2209,2207,-40,0,亏损,3,Nov-23
66,UR405,1,2023/11/14,2023/11/14,多头,2216,2212,-80,0,亏损,3,Nov-23
67,UR405,1,2023/11/14,2023/11/14,多头,2157,2156,-20,0,亏损,3,Nov-23
68,UR405,1,2023/11/14,2023/11/14,空头,2177,2182,-100,0,亏损,3,Nov-23
69,UR401,1,2023/11/14,2023/11/15,多头,2353,2370,340,1,盈利,3,Nov-23
70,UR405,1,2023/11/14,2023/11/15,空头,2177,2198,-420,1,亏损,3,Nov-23
71,MA401,1,2023/11/14,2023/11/17,多头,2470,2505,350,3,盈利,3,Nov-23
72,MA401,1,2023/11/14,2023/11/17,多头,2470,2529,590,3,盈利,3,Nov-23
73,MA405,1,2023/11/14,2023/11/17,空头,2483,2513,-300,3,亏损,3,Nov-23
74,MA405,1,2023/11/14,2023/11/17,空头,2484,2537,-530,3,亏损,3,Nov-23
75,UR401,1,2023/11/17,2023/11/17,多头,2316,2326,200,0,盈利,3,Nov-23
76,UR401,1,2023/11/17,2023/11/17,多头,2281,2287,120,0,盈利,3,Nov-23
77,UR405,1,2023/11/17,2023/11/17,空头,2161,2165,-80,0,亏损,3,Nov-23
78,UR405,1,2023/11/17,2023/11/17,空头,2133,2136,-60,0,亏损,3,Nov-23
79,MA401,1,2023/11/15,2023/11/20,多头,2480,2508,280,5,盈利,4,Nov-23
80,MA405,1,2023/11/15,2023/11/20,空头,2502,2510,-80,5,亏损,4,Nov-23
81,UR401,1,2023/11/17,2023/11/20,多头,2276,2296,400,3,盈利,4,Nov-23
82,UR405,1,2023/11/17,2023/11/20,空头,2131,2135,-80,3,亏损,4,Nov-23
83,MA405,1,2023/11/15,2023/11/21,空头,2502,2435,670,6,盈利,4,Nov-23
84,UR401,1,2023/11/17,2023/11/21,多头,2280,2298,360,4,盈利,4,Nov-23
85,UR401,1,2023/11/17,2023/11/21,多头,2283,2287,80,4,盈利,4,Nov-23
86,UR401,1,2023/11/17,2023/11/21,多头,2273,2290,340,4,盈利,4,Nov-23
87,UR405,1,2023/11/17,2023/11/21,空头,2135,2147,-240,4,亏损,4,Nov-23
88,UR405,1,2023/11/17,2023/11/21,空头,2130,2142,-240,4,亏损,4,Nov-23
89,UR405,1,2023/11/17,2023/11/21,空头,2138,2139,-20,4,亏损,4,Nov-23
90,MA401,1,2023/11/15,2023/11/24,多头,2480,2379,-1010,9,亏损,4,Nov-23
91,MA401,1,2023/11/17,2023/11/24,多头,2503,2395,-1080,7,亏损,4,Nov-23
92,MA405,1,2023/11/17,2023/11/24,空头,2516,2396,1200,7,盈利,4,Nov-23
93,MA401,1,2023/11/21,2023/11/24,多头,2410,2391,-190,3,亏损,4,Nov-23
94,MA405,1,2023/11/21,2023/11/24,空头,2442,2406,360,3,盈利,4,Nov-23
95,UR405,1,2023/11/29,2023/11/29,空头,2184,2187,-60,0,亏损,4,Nov-23
96,UR405,1,2023/11/29,2023/11/29,空头,2184,2183,20,0,盈利,4,Nov-23
97,UR405,1,2023/11/29,2023/11/29,空头,2190,2183,140,0,盈利,4,Nov-23
98,UR409,1,2023/11/29,2023/11/29,多头,2015,2020,100,0,盈利,4,Nov-23
99,UR409,1,2023/11/29,2023/11/29,多头,2015,2017,40,0,盈利,4,Nov-23
100,UR409,1,2023/11/29,2023/11/29,多头,2021,2016,-100,0,亏损,4,Nov-23
101,UR405,1,2023/11/30,2023/12/1,多头,2150,2153,60,1,盈利,4,Dec-23
102,UR405,1,2023/11/30,2023/12/1,多头,2149,2180,620,1,盈利,4,Dec-23
103,UR409,1,2023/11/30,2023/12/1,空头,2007,2008,-20,1,亏损,4,Dec-23
104,UR409,1,2023/11/30,2023/12/1,空头,2007,2026,-380,1,亏损,4,Dec-23
105,UR405,1,2023/12/6,2023/12/6,空头,2227,2212,300,0,盈利,5,Dec-23
106,UR405,1,2023/12/6,2023/12/6,空头,2232,2236,-80,0,亏损,5,Dec-23
107,UR405,1,2023/12/6,2023/12/6,空头,2224,2216,160,0,盈利,5,Dec-23
108,UR409,1,2023/12/6,2023/12/6,多头,2055,2045,-200,0,亏损,5,Dec-23
109,UR409,1,2023/12/6,2023/12/6,多头,2051,2046,-100,0,亏损,5,Dec-23
110,UR409,1,2023/12/6,2023/12/6,多头,2059,2060,20,0,盈利,5,Dec-23
111,UR405,1,2023/12/7,2023/12/7,多头,2290,2281,-180,0,亏损,5,Dec-23
112,UR405,1,2023/12/7,2023/12/7,多头,2285,2273,-240,0,亏损,5,Dec-23
113,UR409,1,2023/12/7,2023/12/7,空头,2131,2113,360,0,盈利,5,Dec-23
114,UR409,1,2023/12/7,2023/12/7,空头,2137,2123,280,0,盈利,5,Dec-23
115,UR405,1,2023/12/8,2023/12/11,多头,2240,2245,100,3,盈利,5,Dec-23
116,UR405,1,2023/12/8,2023/12/11,多头,2240,2254,280,3,盈利,5,Dec-23
117,UR409,1,2023/12/8,2023/12/11,空头,2099,2097,40,3,盈利,5,Dec-23
118,UR409,1,2023/12/8,2023/12/11,空头,2099,2095,80,3,盈利,5,Dec-23
119,UR405,1,2023/12/8,2023/12/12,多头,2241,2276,700,4,盈利,5,Dec-23
120,UR409,1,2023/12/8,2023/12/12,空头,2100,2116,-320,4,亏损,5,Dec-23
121,UR405,1,2023/12/14,2024/1/3,多头,2236,2163,-1460,20,亏损,5,Jan-24
122,UR405,1,2023/12/14,2024/1/3,多头,2236,2187,-980,20,亏损,5,Jan-24
123,UR405,1,2023/12/14,2024/1/3,多头,2236,2174,-1240,20,亏损,5,Jan-24
124,UR405,1,2023/12/14,2024/1/3,多头,2236,2170,-1320,20,亏损,5,Jan-24
125,UR409,1,2023/12/14,2024/1/3,空头,2097,2022,1500,20,盈利,5,Jan-24
126,UR409,1,2023/12/14,2024/1/3,空头,2098,2019,1580,20,盈利,5,Jan-24
127,UR409,1,2023/12/14,2024/1/3,空头,2097,2025,1440,20,盈利,5,Jan-24
128,UR409,1,2023/12/14,2024/1/3,空头,2098,2024,1480,20,盈利,5,Jan-24
129,UR405,1,2024/1/11,2024/1/15,多头,2054,2058,80,4,盈利,5,Jan-24
130,UR409,1,2024/1/11,2024/1/15,空头,1925,1926,-20,4,亏损,5,Jan-24
131,UR405,1,2024/1/12,2024/1/15,多头,2046,2063,340,3,盈利,6,Jan-24
132,UR405,1,2024/1/12,2024/1/15,多头,2046,2058,240,3,盈利,6,Jan-24
133,UR409,1,2024/1/12,2024/1/15,空头,1920,1926,-120,3,亏损,6,Jan-24
134,UR409,1,2024/1/12,2024/1/15,空头,1920,1928,-160,3,亏损,6,Jan-24
135,UR405,1,2024/1/12,2024/1/16,多头,2046,2080,680,4,盈利,6,Jan-24
136,UR405,1,2024/1/12,2024/1/16,多头,2046,2085,780,4,盈利,6,Jan-24
137,UR409,1,2024/1/12,2024/1/16,空头,1920,1940,-400,4,亏损,6,Jan-24
138,UR409,1,2024/1/12,2024/1/16,空头,1920,1945,-500,4,亏损,6,Jan-24
139,UR405,1,2024/1/23,2024/1/24,多头,2028,2052,480,1,盈利,6,Jan-24
140,UR405,1,2024/1/23,2024/1/24,多头,2028,2067,780,1,盈利,6,Jan-24
141,UR405,1,2024/1/23,2024/1/24,多头,2028,2037,180,1,盈利,6,Jan-24
142,UR409,1,2024/1/23,2024/1/24,空头,1904,1931,-540,1,亏损,6,Jan-24
143,UR409,1,2024/1/23,2024/1/24,空头,1904,1920,-320,1,亏损,6,Jan-24
144,UR409,1,2024/1/23,2024/1/24,空头,1904,1910,-120,1,亏损,6,Jan-24
145,UR405,1,2024/1/23,2024/1/25,多头,2028,2079,1020,2,盈利,6,Jan-24
146,UR409,1,2024/1/23,2024/1/25,空头,1904,1945,-820,2,亏损,6,Jan-24
